image_path,gender,age
data/1 (25).jpeg,female,(15-20)
data/1 (5).jpg,male,(25-32)
data/man1.jpg,male,(25-32)
data/woman1.jpg,female,(48-53)
data/minion.jpg,male,(48-53)
data/1 (28).jpeg,female,(48-53)
data/1 (4).jpeg,male,(25-32)
data/kid1.jpg,female,
data/woman3.jpg,female,
data/1 (24).jpeg,female,
data/1 (3).jpg,female,
data/1 (42).jpeg,female,
data/1 (30).jpeg,female,
data/1 (2).jpeg,male,(25-32)
data/girl1.jpg,female,(25-32)
data/1 (8).jpg,female,
data/1 (8).jpeg,male,(25-32)
data/1 (4).png,male,(25-32)
data/1 (2).png,male,
data/1 (6).jpeg,male,(25-32)
data/1 (9).jpeg,male,(25-32)
data/1 (11).jpeg,male,(25-32)
data/1 (1).jpeg,male,(25-32)
data/1 (3).jpeg,female,(38-43)
data/1 (10).jpg,male,(25-32)
data/1 (10).jpeg,male,(25-32)
data/1 (11).jpg,male,(25-32)
data/1 (6).jpg,male,(48-53)
data/1 (8).png,male,(25-32)
data/1 (10).png,male,(25-32)
data/1 (3).png,male,(25-32)
data/1 (5).png,male,
data/1 (9).jpg,male,(25-32)
data/1 (12).jpeg,male,(25-32)
data/1 (7).jpeg,male,(25-32)
data/1 (9).png,male,(25-32)
data/1 (1).jpg,male,(25-32)
data/1 (1).png,male,
data/1 (7).jpg,male,
data/1 (2).jpg,male,(25-32)
data/1 (5).jpeg,male,(25-32)
data/1 (6).png,male,(25-32)
data/1 (7).png,male,(25-32)
data/1 (11).png,male,(25-32)
data/1 (4).jpg,male,(38-43)
data/1 (27).jpg,male,
data/1 (19).png,male,
data/1 (13).jpg,male,
data/1 (21).png,male,
data/1 (28).jpg,male,(25-32)
data/1 (17).png,male,(25-32)
data/1 (29).png,male,(25-32)
data/1 (23).jpeg,female,(25-32)
data/1 (24).jpg,male,(25-32)
data/1 (19).jpeg,male,(25-32)
data/1 (29).jpeg,female,
data/1 (23).jpg,female,
data/1 (30).jpg,male,(15-20)
data/1 (16).png,female,(15-20)
data/1 (26).jpg,male,(15-20)
data/1 (20).jpg,male,(15-20)
data/1 (29).jpg,female,(38-43)
data/1 (22).jpeg,female,(38-43)
data/1 (20).jpeg,male,(25-32)
data/1 (24).png,male,(25-32)
data/1 (27).png,male,(25-32)
data/1 (30).png,male,(25-32)
data/1 (19).jpg,male,(25-32)
data/1 (17).jpg,male,(25-32)
data/1 (14).jpg,male,(15-20)
data/1 (22).jpg,male,(15-20)
data/1 (15).jpg,male,(38-43)
data/1 (25).jpg,male,
data/1 (16).jpeg,male,(25-32)
data/1 (23).png,male,
data/1 (20).png,male,
data/1 (14).png,male,
data/1 (27).jpg,male,
data/1 (19).png,male,
data/1 (13).jpg,male,
data/1 (21).png,male,
data/1 (28).jpg,male,(25-32)
data/1 (17).png,male,(25-32)
data/1 (29).png,male,(25-32)
data/1 (23).jpeg,female,(25-32)
data/1 (24).jpg,male,(25-32)
data/1 (19).jpeg,male,(25-32)
data/1 (29).jpeg,female,
data/1 (23).jpg,female,
data/1 (30).jpg,male,(15-20)
data/1 (16).png,female,(15-20)
data/1 (26).jpg,male,(15-20)
data/1 (20).jpg,male,(15-20)
data/1 (29).jpg,female,(38-43)
data/1 (22).jpeg,female,(38-43)
data/1 (20).jpeg,male,(25-32)
data/1 (24).png,male,(25-32)
data/1 (27).png,male,(25-32)
data/1 (30).png,male,(25-32)
data/1 (19).jpg,male,(25-32)
data/1 (17).jpg,male,(25-32)
data/1 (14).jpg,male,(15-20)
data/1 (22).jpg,male,(15-20)
data/1 (15).jpg,male,(38-43)
data/1 (25).jpg,male,
data/1 (16).jpeg,male,(25-32)
data/1 (23).png,male,
data/1 (20).png,male,
data/1 (14).png,male,
data/1 (27).jpg,male,
data/1 (19).png,male,
data/1 (13).jpg,male,
data/1 (21).png,male,
data/1 (28).jpg,male,(25-32)
data/1 (17).png,male,(25-32)
data/1 (29).png,male,(25-32)
data/1 (23).jpeg,female,(25-32)
data/1 (24).jpg,male,(25-32)
data/1 (19).jpeg,male,(25-32)
data/1 (29).jpeg,female,
data/1 (23).jpg,female,
data/1 (30).jpg,male,(15-20)
data/1 (16).png,female,(15-20)
data/1 (26).jpg,male,(15-20)
data/1 (20).jpg,male,(15-20)
data/1 (29).jpg,female,(38-43)
data/1 (22).jpeg,female,(38-43)
data/1 (20).jpeg,male,(25-32)
data/1 (24).png,male,(25-32)
data/1 (27).png,male,(25-32)
data/1 (30).png,male,(25-32)
data/1 (19).jpg,male,(25-32)
data/1 (17).jpg,male,(25-32)
data/1 (14).jpg,male,(15-20)
data/1 (22).jpg,male,(15-20)
data/1 (15).jpg,male,(38-43)
data/1 (25).jpg,male,
data/1 (16).jpeg,male,(25-32)
data/1 (23).png,male,
data/1 (20).png,male,
data/1 (14).png,male,
data/1 (34).jpeg,female,
data/1 (31).jpeg,male,(38-43)
data/1 (35).png,male,(25-32)
data/1 (33).png,male,(25-32)
data/1 (33).jpg,male,(15-20)
data/1 (39).jpeg,female,(15-20)
data/1 (35).jpg,male,(25-32)
data/1 (34).jpg,male,(25-32)
data/1 (39).png,male,(25-32)
data/1 (37).jpg,male,(25-32)
data/1 (38).jpg,male,(25-32)
data/1 (34).png,male,(25-32)
data/1 (32).jpg,male,(15-20)
data/1 (37).jpeg,female,(15-20)
data/1 (38).png,male,(25-32)
data/1 (31).png,male,(25-32)
data/1 (32).png,female,(25-32)
data/1 (35).jpeg,female,(25-32)
data/1 (36).png,male,
data/1 (33).jpeg,female,
data/1 (34).jpeg,female,
data/1 (31).jpeg,male,(38-43)
data/1 (35).png,male,(25-32)
data/1 (33).png,male,(25-32)
data/1 (33).jpg,male,(15-20)
data/1 (39).jpeg,female,(15-20)
data/1 (35).jpg,male,(25-32)
data/1 (34).jpg,male,(25-32)
data/1 (39).png,male,(25-32)
data/1 (37).jpg,male,(25-32)
data/1 (38).jpg,male,(25-32)
data/1 (34).png,male,(25-32)
data/1 (32).jpg,male,(15-20)
data/1 (37).jpeg,female,(15-20)
data/1 (38).png,male,(25-32)
data/1 (31).png,male,(25-32)
data/1 (32).png,female,(25-32)
data/1 (35).jpeg,female,(25-32)
data/1 (36).png,male,
data/1 (33).jpeg,female,
data/1 (34).jpeg,female,
data/1 (31).jpeg,male,(38-43)
data/1 (35).png,male,(25-32)
data/1 (33).png,male,(25-32)
data/1 (33).jpg,male,(15-20)
data/1 (39).jpeg,female,(15-20)
data/1 (35).jpg,male,(25-32)
data/1 (34).jpg,male,(25-32)
data/1 (39).png,male,(25-32)
data/1 (37).jpg,male,(25-32)
data/1 (38).jpg,male,(25-32)
data/1 (34).png,male,(25-32)
data/1 (32).jpg,male,(15-20)
data/1 (37).jpeg,female,(15-20)
data/1 (38).png,male,(25-32)
data/1 (31).png,male,(25-32)
data/1 (32).png,female,(25-32)
data/1 (35).jpeg,female,(25-32)
data/1 (36).png,male,
data/1 (33).jpeg,female,
data/1 (44).jpg,male,(25-32)
data/1 (45).jpg,male,(25-32)
data/1 (40).jpg,male,(25-32)
data/1 (43).jpg,male,(25-32)
data/1 (40).jpeg,female,
data/1 (44).png,male,
data/1 (41).png,male,
data/1 (44).jpeg,female,
data/1 (45).jpeg,female,
data/1 (41).jpeg,female,
data/1 (42).jpg,male,(25-32)
data/1 (43).jpeg,female,(25-32)
data/1 (43).png,male,
data/1 (41).jpg,male,
data/1 (42).png,male,
data/1 (40).png,male,
data/1 (46).jpeg,female,
data/1 (45).png,male,(25-32)
data/1 (46).jpg,male,(25-32)
data/1 (46).png,male,(25-32)
data/1 (48).jpeg,female,(25-32)
data/1 (49).jpeg,female,
data/1 (49).png,male,
data/1 (50).jpg,male,
data/1 (48).png,male,
data/1 (49).jpg,male,(25-32)
data/1 (47).png,female,(25-32)
data/1 (48).jpg,male,(25-32)
data/1 (47).jpg,male,(25-32)
data/1 (50).png,male,
data/1 (50).jpeg,female,(15-20)
data/1 (47).jpeg,female,(15-20)
data/1 (48).jpeg,female,(25-32)
data/1 (49).jpeg,female,
data/1 (49).png,male,
data/1 (50).jpg,male,
data/1 (48).png,male,
data/1 (49).jpg,male,(25-32)
data/1 (47).png,female,(25-32)
data/1 (48).jpg,male,(25-32)
data/1 (47).jpg,male,(25-32)
data/1 (50).png,male,
data/1 (50).jpeg,female,(15-20)
data/1 (47).jpeg,female,(15-20)
data/1 (48).jpeg,female,(25-32)
data/1 (49).jpeg,female,
data/1 (49).png,male,
data/1 (50).jpg,male,
data/1 (48).png,male,
data/1 (49).jpg,male,(25-32)
data/1 (47).png,female,(25-32)
data/1 (48).jpg,male,(25-32)
data/1 (47).jpg,male,(25-32)
data/1 (50).png,male,
data/1 (50).jpeg,female,(15-20)
data/1 (47).jpeg,female,(15-20)
data/1 (48).jpeg,female,(25-32)
data/1 (49).jpeg,female,
data/1 (49).png,male,
data/1 (50).jpg,male,
data/1 (48).png,male,
data/1 (49).jpg,male,(25-32)
data/1 (47).png,female,(25-32)
data/1 (48).jpg,male,(25-32)
data/1 (47).jpg,male,(25-32)
data/1 (50).png,male,
data/1 (50).jpeg,female,(15-20)
data/1 (47).jpeg,female,(15-20)
data/1 (54).jpeg,female,
data/1 (52).png,male,
data/1 (57).jpeg,female,
data/1 (53).png,male,(25-32)
data/1 (53).jpeg,female,(25-32)
data/1 (58).jpg,male,(25-32)
data/1 (57).png,female,
data/1 (51).png,male,
data/1 (54).jpg,male,
data/1 (55).png,male,
data/1 (51).jpeg,female,
data/1 (57).jpg,male,
data/1 (59).jpg,female,
data/1 (56).jpg,male,(25-32)
data/1 (59).png,male,(25-32)
data/1 (53).jpg,male,(25-32)
data/1 (55).jpeg,female,
data/1 (51).jpg,female,
data/1 (55).jpg,male,
data/1 (54).png,male,
data/1 (56).jpeg,female,
data/1 (59).jpeg,female,
data/1 (58).jpeg,female,
data/1 (52).jpg,female,(25-32)
data/1 (52).jpeg,female,(25-32)
data/1 (58).png,female,
data/1 (61).png,female,(38-43)
data/1 (60).jpeg,female,(25-32)
data/1 (61).jpeg,female,(25-32)
data/1 (60).jpg,male,(25-32)
data/1 (60).png,female,(25-32)
data/1 (62).jpg,female,(38-43)
data/1 (64).png,female,(38-43)
data/1 (63).png,female,(38-43)
data/1 (64).jpeg,female,
data/1 (63).jpg,male,
data/1 (65).jpg,male,(25-32)
data/1 (64).jpg,male,(25-32)
data/1 (62).png,female,(25-32)
data/1 (62).jpeg,female,
data/1 (65).png,female,
data/1 (61).jpg,male,(38-43)
data/1 (63).jpeg,female,(25-32)
data/1 (65).jpeg,female,(25-32)
data/1 (71).jpeg,female,
data/1 (66).jpeg,female,
data/1 (74).jpeg,female,
data/1 (67).jpg,male,
data/1 (74).jpg,male,(38-43)
data/1 (72).png,female,(38-43)
data/1 (69).jpeg,female,(25-32)
data/1 (68).jpg,male,(25-32)
data/1 (68).jpeg,female,(25-32)
data/1 (71).jpg,male,(25-32)
data/1 (70).jpeg,female,(25-32)
data/1 (66).png,female,(38-43)
data/1 (72).jpeg,female,
data/1 (73).jpg,male,(38-43)
data/1 (68).png,female,(15-20)
data/1 (73).png,female,(15-20)
data/1 (71).png,female,(15-20)
data/1 (66).jpg,male,(15-20)
data/1 (70).png,female,(25-32)
data/1 (69).jpg,male,(25-32)
data/1 (69).png,female,(25-32)
data/1 (67).jpeg,female,(25-32)
data/1 (73).jpeg,female,
data/1 (74).png,female,
data/1 (67).png,male,
data/1 (70).jpg,male,
data/1 (72).jpg,female,
data/1 (75).jpeg,female,(25-32)
data/1 (75).jpg,male,(25-32)
data/1 (77).jpeg,female,
data/1 (77).jpg,male,(38-43)
data/1 (76).png,female,(25-32)
data/1 (78).jpg,male,(25-32)
data/1 (83).png,female,(25-32)
data/1 (85).png,female,(25-32)
data/1 (81).png,male,(15-20)
data/1 (81).jpg,male,(15-20)
data/1 (80).jpg,male,(38-43)
data/1 (78).jpeg,female,(38-43)
data/1 (84).jpg,female,(25-32)
data/1 (75).png,female,
data/1 (76).jpg,male,
data/1 (76).jpeg,female,
data/1 (85).jpg,male,
data/1 (82).jpg,female,
data/1 (82).png,male,
data/1 (80).png,female,
data/1 (77).png,female,
data/1 (79).jpeg,male,(25-32)
data/1 (78).png,female,
data/1 (84).png,female,(38-43)
data/1 (83).jpg,male,(38-43)
data/1 (79).png,female,(25-32)
data/1 (79).jpg,male,(25-32)
data/1 (105).png,female,
data/1 (87).jpg,male,(25-32)
data/1 (102).jpg,male,(25-32)
data/1 (97).png,female,
data/1 (90).png,female,(25-32)
data/1 (89).jpg,male,(25-32)
data/1 (105).jpg,female,(25-32)
data/1 (86).png,female,
data/1 (89).png,male,
data/1 (104).jpg,male,(25-32)
data/1 (98).png,female,(25-32)
data/1 (99).png,female,
data/1 (103).png,female,
data/1 (94).jpg,male,(25-32)
data/1 (95).jpg,male,(25-32)
data/1 (92).png,male,(25-32)
data/1 (95).png,female,(15-20)
data/1 (99).jpg,male,(15-20)
data/1 (103).jpg,male,(15-20)
data/1 (86).jpg,male,
data/1 (91).jpg,male,(25-32)
data/1 (93).png,female,(25-32)
data/1 (101).jpg,female,(25-32)
data/1 (90).jpg,male,(25-32)
data/1 (87).png,female,(25-32)
data/1 (102).png,female,(38-43)
data/1 (96).jpg,female,(38-43)
data/1 (92).jpg,male,
data/1 (98).jpg,male,(25-32)
data/1 (96).png,female,(25-32)
data/1 (101).png,female,(25-32)
data/1 (88).jpg,male,(25-32)
data/1 (88).png,female,
data/1 (91).png,female,(15-20)
data/1 (93).jpg,male,(25-32)
data/1 (100).jpg,male,(48-53)
data/1 (94).png,female,(25-32)
data/1 (97).jpg,male,(25-32)
data/1 (104).png,female,(25-32)
data/1 (100).png,female,
data/1 (120).png,female,(15-20)
data/1 (113).jpg,male,(15-20)
data/1 (114).jpg,male,(38-43)
data/1 (111).png,female,(25-32)
data/1 (119).png,female,(25-32)
data/1 (117).jpg,male,
data/1 (110).png,female,
data/1 (106).jpg,male,
data/1 (114).png,female,
data/1 (116).png,female,(25-32)
data/1 (108).png,female,(25-32)
data/1 (120).jpg,male,(25-32)
data/1 (118).png,female,(38-43)
data/1 (115).png,female,
data/1 (110).jpg,female,
data/1 (112).png,female,(38-43)
data/1 (112).jpg,female,
data/1 (113).png,female,(25-32)
data/1 (107).png,female,(38-43)
data/1 (108).jpg,male,(38-43)
data/1 (111).jpg,male,(38-43)
data/1 (118).jpg,male,(25-32)
data/1 (116).jpg,male,(25-32)
data/1 (109).jpg,female,
data/1 (107).jpg,male,(15-20)
data/1 (106).png,male,(15-20)
data/1 (117).png,female,
data/1 (115).jpg,male,(25-32)
data/1 (119).jpg,male,(25-32)
data/1 (109).png,female,(25-32)
data/1 (135).jpg,male,(15-20)
data/1 (145).png,female,(15-20)
data/1 (129).jpg,male,(15-20)
data/1 (139).jpg,male,(15-20)
data/1 (122).jpg,male,(15-20)
data/1 (130).png,female,(38-43)
data/1 (147).png,female,(38-43)
data/1 (129).png,female,(15-20)
data/1 (127).png,female,
data/1 (136).jpg,male,
data/1 (145).jpg,female,
data/1 (122).png,female,(25-32)
data/1 (141).jpg,female,(25-32)
data/1 (150).jpg,male,(25-32)
data/1 (126).jpg,male,(38-43)
data/1 (146).png,female,(38-43)
data/1 (131).png,male,(15-20)
data/1 (127).jpg,male,(25-32)
data/1 (142).jpg,female,(25-32)
data/1 (140).jpg,female,(25-32)
data/1 (146).jpg,male,(25-32)
data/1 (149).png,female,(15-20)
data/1 (143).jpg,female,(15-20)
data/1 (135).png,female,(15-20)
data/1 (148).jpg,male,(25-32)
data/1 (131).jpg,male,(25-32)
data/1 (125).png,female,
data/1 (134).png,female,(25-32)
data/1 (134).jpg,female,(38-43)
data/1 (124).png,female,(15-20)
data/1 (139).png,female,(15-20)
data/1 (141).png,female,(25-32)
data/1 (125).jpg,male,(25-32)
data/1 (130).jpg,male,(25-32)
data/1 (138).png,female,(25-32)
data/1 (136).png,female,(25-32)
data/1 (121).png,female,
data/1 (133).png,female,
data/1 (148).png,female,
data/1 (121).jpg,female,(15-20)
data/1 (137).png,female,
data/1 (126).png,female,
data/1 (123).png,female,
data/1 (142).png,female,(15-20)
data/1 (138).jpg,male,(25-32)
data/1 (144).jpg,male,(25-32)
data/1 (143).png,female,(25-32)
data/1 (150).png,female,(25-32)
data/1 (124).jpg,male,(25-32)
data/1 (140).png,female,
data/1 (144).png,female,
data/1 (133).jpg,female,
data/1 (132).jpg,male,(48-53)
data/1 (128).png,male,(15-20)
data/1 (137).jpg,male,(15-20)
data/1 (147).jpg,male,(15-20)
data/1 (149).jpg,male,(15-20)
data/1 (123).jpg,male,(25-32)
data/1 (128).jpg,male,(25-32)
data/1 (132).png,female,(25-32)
data/1 (328).jpg,male,
data/1 (307).jpg,male,
data/1 (399).jpg,female,
data/1 (284).jpg,male,
data/1 (397).jpg,male,(38-43)
data/1 (317).jpg,female,(25-32)
data/1 (385).jpg,male,
data/1 (353).jpg,male,(25-32)
data/1 (389).jpg,male,(25-32)
data/1 (366).jpg,female,(25-32)
data/1 (395).jpg,male,(25-32)
data/1 (280).jpg,male,(48-53)
data/1 (319).jpg,male,(25-32)
data/1 (369).jpg,male,(48-53)
data/1 (325).jpg,male,(15-20)
data/1 (323).jpg,male,(15-20)
data/1 (336).jpg,female,(15-20)
data/1 (348).jpg,male,(48-53)
data/1 (387).jpg,male,(25-32)
data/1 (309).jpg,male,(25-32)
data/1 (288).jpg,male,(25-32)
data/1 (344).jpg,male,(38-43)
data/1 (273).jpg,male,(38-43)
data/1 (358).jpg,female,(38-43)
data/1 (318).jpg,male,(38-43)
data/1 (266).jpg,male,(25-32)
data/1 (287).jpg,male,
data/1 (392).jpg,male,
data/1 (367).jpg,male,
data/1 (357).jpg,male,(38-43)
data/1 (310).jpg,male,(15-20)
data/1 (352).jpg,male,(25-32)
data/1 (329).jpg,female,(38-43)
data/1 (312).jpg,female,(25-32)
data/1 (379).jpg,female,(25-32)
data/1 (326).jpg,male,(25-32)
data/1 (333).jpg,male,(25-32)
data/1 (303).jpg,male,(25-32)
data/1 (283).jpg,female,(25-32)
data/1 (272).jpg,male,(25-32)
data/1 (371).jpg,male,(25-32)
data/1 (330).jpg,male,(25-32)
data/1 (355).jpg,male,(25-32)
data/1 (298).jpg,female,(25-32)
data/1 (286).jpg,male,(25-32)
data/1 (380).jpg,male,(25-32)
data/1 (376).jpg,male,(25-32)
data/1 (281).jpg,male,(25-32)
data/1 (398).jpg,male,(25-32)
data/1 (351).jpg,male,(25-32)
data/1 (315).jpg,male,(25-32)
data/1 (316).jpg,male,(25-32)
data/1 (373).jpg,male,(25-32)
data/1 (260).jpg,male,(25-32)
data/1 (264).jpg,male,(25-32)
data/1 (311).jpg,male,(38-43)
data/1 (271).jpg,male,
data/1 (304).jpg,male,(38-43)
data/1 (296).jpg,male,(38-43)
data/1 (257).jpg,male,(38-43)
data/1 (313).jpg,male,(25-32)
data/1 (254).jpg,male,(25-32)
data/1 (250).jpg,female,(25-32)
data/1 (345).jpg,male,(25-32)
data/1 (275).jpg,male,(25-32)
data/1 (393).jpg,male,(25-32)
data/1 (291).jpg,female,
data/1 (368).jpg,male,(25-32)
data/1 (261).jpg,male,(25-32)
data/1 (259).jpg,male,
data/1 (269).jpg,male,
data/1 (293).jpg,female,
data/1 (340).jpg,female,
data/1 (363).jpg,male,(25-32)
data/1 (306).jpg,male,(38-43)
data/1 (331).jpg,male,(25-32)
data/1 (338).jpg,male,(25-32)
data/1 (258).jpg,male,(25-32)
data/1 (349).jpg,male,(15-20)
data/1 (324).jpg,male,(15-20)
data/1 (382).jpg,male,
data/1 (253).jpg,male,(25-32)
data/1 (252).jpg,male,(25-32)
data/1 (386).jpg,male,(25-32)
data/1 (278).jpg,female,(25-32)
data/1 (356).jpg,male,(38-43)
data/1 (302).jpg,male,(38-43)
data/1 (343).jpg,male,(38-43)
data/1 (262).jpg,male,(25-32)
data/1 (354).jpg,male,(25-32)
data/1 (290).jpg,male,(25-32)
data/1 (362).jpg,male,(48-53)
data/1 (334).jpg,male,(48-53)
data/1 (285).jpg,female,(48-53)
data/1 (374).jpg,male,(48-53)
data/1 (384).jpg,male,(25-32)
data/1 (390).jpg,female,(38-43)
data/1 (396).jpg,male,(48-53)
data/1 (308).jpg,female,(48-53)
data/1 (394).jpg,male,(25-32)
data/1 (381).jpg,female,(25-32)
data/1 (297).jpg,male,(25-32)
data/1 (314).jpg,male,(25-32)
data/1 (274).jpg,male,(25-32)
data/1 (263).jpg,male,
data/1 (342).jpg,male,(38-43)
data/1 (255).jpg,female,(15-20)
data/1 (270).jpg,male,(15-20)
data/1 (282).jpg,male,(38-43)
data/1 (300).jpg,male,(38-43)
data/1 (361).jpg,male,(38-43)
data/1 (377).jpg,male,(38-43)
data/1 (360).jpg,male,(38-43)
data/1 (388).jpg,female,(25-32)
data/1 (347).jpg,male,(25-32)
data/1 (332).jpg,male,(25-32)
data/1 (295).jpg,male,(25-32)
data/1 (370).jpg,male,(25-32)
data/1 (305).jpg,male,(38-43)
data/1 (378).jpg,male,(38-43)
data/1 (320).jpg,male,(38-43)
data/1 (375).jpg,male,(38-43)
data/1 (277).jpg,male,(38-43)
data/1 (364).jpg,female,(38-43)
data/1 (337).jpg,male,(25-32)
data/1 (327).jpg,male,(25-32)
data/1 (391).jpg,male,(38-43)
data/1 (276).jpg,female,(38-43)
data/1 (301).jpg,male,(25-32)
data/1 (322).jpg,female,(25-32)
data/1 (365).jpg,male,(25-32)
data/1 (265).jpg,male,(25-32)
data/1 (268).jpg,female,(25-32)
data/1 (289).jpg,male,
data/1 (383).jpg,male,
data/1 (256).jpg,male,
data/1 (341).jpg,male,
data/1 (350).jpg,female,(25-32)
data/1 (321).jpg,male,(25-32)
data/1 (359).jpg,male,(25-32)
data/1 (267).jpg,male,(25-32)
data/1 (339).jpg,female,(25-32)
data/1 (346).jpg,male,(25-32)
data/1 (292).jpg,male,(25-32)
data/1 (279).jpg,male,(25-32)
data/1 (372).jpg,male,(25-32)
data/1 (335).jpg,male,(15-20)
data/1 (251).jpg,male,(15-20)
data/1 (294).jpg,male,
data/1 (299).jpg,female,(38-43)
